{
  "metrics": {
    "accuracy": 0.9353535353535354,
    "precision_weighted": 0.9353145319633838,
    "recall_weighted": 0.9353535353535354,
    "f1_weighted": 0.9351836714597526,
    "precision_per_class": [
      1.0,
      1.0,
      0.9166666666666666,
      0.967741935483871,
      0.9302325581395349,
      0.921875,
      0.9333333333333333,
      0.8125,
      0.9315068493150684
    ],
    "recall_per_class": [
      1.0,
      0.9811320754716981,
      0.9322033898305084,
      1.0,
      0.9090909090909091,
      0.8805970149253731,
      0.9333333333333333,
      0.8125,
      0.9577464788732394
    ],
    "f1_per_class": [
      1.0,
      0.9904761904761905,
      0.9243697478991597,
      0.9836065573770492,
      0.9195402298850575,
      0.9007633587786259,
      0.9333333333333333,
      0.8125,
      0.9444444444444444
    ],
    "confusion_matrix": [
      [
        48,
        0,
        0,
        0,
        0,
        0,
        0,
        0,
        0
      ],
      [
        0,
        52,
        0,
        0,
        1,
        0,
        0,
        0,
        0
      ],
      [
        0,
        0,
        55,
        1,
        0,
        1,
        0,
        2,
        0
      ],
      [
        0,
        0,
        0,
        60,
        0,
        0,
        0,
        0,
        0
      ],
      [
        0,
        0,
        1,
        0,
        40,
        0,
        1,
        1,
        1
      ],
      [
        0,
        0,
        2,
        0,
        0,
        59,
        0,
        6,
        0
      ],
      [
        0,
        0,
        0,
        0,
        2,
        0,
        42,
        0,
        1
      ],
      [
        0,
        0,
        2,
        0,
        0,
        4,
        0,
        39,
        3
      ],
      [
        0,
        0,
        0,
        1,
        0,
        0,
        2,
        0,
        68
      ]
    ],
    "specificity_per_class": [
      1.0,
      1.0,
      0.9885321100917431,
      0.9954022988505747,
      0.9933481152993349,
      0.9883177570093458,
      0.9933333333333333,
      0.9798657718120806,
      0.9882075471698113
    ],
    "specificity_weighted": 0.991889659285136,
    "overall_accuracy": 0.9353535353535354,
    "auc_roc": 0.9958633787183482,
    "auc_roc_per_class": [
      1.0,
      0.9994450610432852,
      0.9965401959259835,
      1.0,
      0.9943055835517033,
      0.9934439949783791,
      0.9938271604938271,
      0.9845264727815063,
      0.9985384002125963
    ],
    "support_per_class": {
      "0": 48,
      "1": 53,
      "2": 59,
      "3": 60,
      "4": 44,
      "5": 67,
      "6": 45,
      "7": 48,
      "8": 71
    }
  },
  "class_names": [
    "ADI",
    "BACK",
    "DEB",
    "LYM",
    "MUC",
    "MUS",
    "NORM",
    "STR",
    "TUM"
  ]
}