{
  "metrics": {
    "accuracy": 0.9664804469273743,
    "precision_weighted": 0.967141418173198,
    "recall_weighted": 0.9664804469273743,
    "f1_weighted": 0.9659956747406001,
    "precision_per_class": [
      1.0,
      0.972972972972973,
      0.9576271186440678,
      0.9386503067484663
    ],
    "recall_per_class": [
      1.0,
      0.8780487804878049,
      0.9826086956521739,
      0.9935064935064936
    ],
    "f1_per_class": [
      1.0,
      0.9230769230769231,
      0.9699570815450643,
      0.9652996845425867
    ],
    "confusion_matrix": [
      [
        145,
        0,
        0,
        0
      ],
      [
        0,
        108,
        5,
        10
      ],
      [
        0,
        2,
        113,
        0
      ],
      [
        0,
        1,
        0,
        153
      ]
    ],
    "specificity_per_class": [
      1.0,
      0.9927536231884058,
      0.9881516587677726,
      0.9738903394255874
    ],
    "specificity_weighted": 0.9886989053454415,
    "overall_accuracy": 0.9664804469273743,
    "auc_roc": 0.9965710333831085,
    "auc_roc_per_class": [
      1.0,
      0.9907505596795099,
      0.9969915516175561,
      0.9976772574683802
    ],
    "support_per_class": {
      "0": 145,
      "1": 123,
      "2": 115,
      "3": 154
    }
  },
  "class_names": [
    "glioma",
    "meningioma",
    "no-tumor",
    "pituitary"
  ]
}